year,round,date,constructor_id,position,points,wins
2018,1,2018-03-25,ferrari,1,40.0,1
2018,1,2018-03-25,mercedes,2,22.0,0
2018,1,2018-03-25,red_bull,3,20.0,0
2018,1,2018-03-25,mclaren,4,12.0,0
2018,1,2018-03-25,renault,5,7.0,0
2018,1,2018-03-25,force_india,6,0.0,0
2018,1,2018-03-25,sauber,7,0.0,0
2018,1,2018-03-25,williams,8,0.0,0
2018,1,2018-03-25,toro_rosso,9,0.0,0
2018,1,2018-03-25,haas,-,0.0,0
2018,2,2018-04-08,ferrari,1,65.0,2
2018,2,2018-04-08,mercedes,2,55.0,0
2018,2,2018-04-08,mclaren,3,22.0,0
2018,2,2018-04-08,red_bull,4,20.0,0
2018,2,2018-04-08,renault,5,15.0,0
2018,2,2018-04-08,toro_rosso,6,12.0,0
2018,2,2018-04-08,haas,7,10.0,0
2018,2,2018-04-08,sauber,8,2.0,0
2018,2,2018-04-08,force_india,9,1.0,0
2018,2,2018-04-08,williams,10,0.0,0
2018,3,2018-04-15,mercedes,1,85.0,0
2018,3,2018-04-15,ferrari,2,84.0,2
2018,3,2018-04-15,red_bull,3,55.0,1
2018,3,2018-04-15,mclaren,4,28.0,0
2018,3,2018-04-15,renault,5,25.0,0
2018,3,2018-04-15,toro_rosso,6,12.0,0
2018,3,2018-04-15,haas,7,11.0,0
2018,3,2018-04-15,sauber,8,2.0,0
2018,3,2018-04-15,force_india,9,1.0,0
2018,3,2018-04-15,williams,10,0.0,0
2018,4,2018-04-29,ferrari,1,114.0,2
2018,4,2018-04-29,mercedes,2,110.0,1
2018,4,2018-04-29,red_bull,3,55.0,1
2018,4,2018-04-29,mclaren,4,36.0,0
2018,4,2018-04-29,renault,5,35.0,0
2018,4,2018-04-29,force_india,6,16.0,0
2018,4,2018-04-29,toro_rosso,7,13.0,0
2018,4,2018-04-29,haas,8,11.0,0
2018,4,2018-04-29,sauber,9,10.0,0
2018,4,2018-04-29,williams,10,4.0,0
2018,5,2018-05-13,mercedes,1,153.0,2
2018,5,2018-05-13,ferrari,2,126.0,2
2018,5,2018-05-13,red_bull,3,80.0,1
2018,5,2018-05-13,renault,4,41.0,0
2018,5,2018-05-13,mclaren,5,40.0,0
2018,5,2018-05-13,haas,6,19.0,0
2018,5,2018-05-13,force_india,7,18.0,0
2018,5,2018-05-13,toro_rosso,8,13.0,0
2018,5,2018-05-13,sauber,9,11.0,0
2018,5,2018-05-13,williams,10,4.0,0
2018,6,2018-05-27,mercedes,1,178.0,2
2018,6,2018-05-27,ferrari,2,156.0,2
2018,6,2018-05-27,red_bull,3,107.0,2
2018,6,2018-05-27,renault,4,46.0,0
2018,6,2018-05-27,mclaren,5,40.0,0
2018,6,2018-05-27,force_india,6,26.0,0
2018,6,2018-05-27,toro_rosso,7,19.0,0
2018,6,2018-05-27,haas,8,19.0,0
2018,6,2018-05-27,sauber,9,11.0,0
2018,6,2018-05-27,williams,10,4.0,0
2018,7,2018-06-10,mercedes,1,206.0,2
2018,7,2018-06-10,ferrari,2,189.0,3
2018,7,2018-06-10,red_bull,3,134.0,2
2018,7,2018-06-10,renault,4,56.0,0
2018,7,2018-06-10,mclaren,5,40.0,0
2018,7,2018-06-10,force_india,6,28.0,0
2018,7,2018-06-10,toro_rosso,7,19.0,0
2018,7,2018-06-10,haas,8,19.0,0
2018,7,2018-06-10,sauber,9,12.0,0
2018,7,2018-06-10,williams,10,4.0,0
2018,8,2018-06-24,mercedes,1,237.0,3
2018,8,2018-06-24,ferrari,2,214.0,3
2018,8,2018-06-24,red_bull,3,164.0,2
2018,8,2018-06-24,renault,4,62.0,0
2018,8,2018-06-24,mclaren,5,40.0,0
2018,8,2018-06-24,force_india,6,28.0,0
2018,8,2018-06-24,haas,7,27.0,0
2018,8,2018-06-24,toro_rosso,8,19.0,0
2018,8,2018-06-24,sauber,9,13.0,0
2018,8,2018-06-24,williams,10,4.0,0
2018,9,2018-07-01,ferrari,1,247.0,3
2018,9,2018-07-01,mercedes,2,237.0,3
2018,9,2018-07-01,red_bull,3,189.0,3
2018,9,2018-07-01,renault,4,62.0,0
2018,9,2018-07-01,haas,5,49.0,0
2018,9,2018-07-01,mclaren,6,44.0,0
2018,9,2018-07-01,force_india,7,42.0,0
2018,9,2018-07-01,toro_rosso,8,19.0,0
2018,9,2018-07-01,sauber,9,16.0,0
2018,9,2018-07-01,williams,10,4.0,0
2018,10,2018-07-08,ferrari,1,287.0,4
2018,10,2018-07-08,mercedes,2,267.0,3
2018,10,2018-07-08,red_bull,3,199.0,3
2018,10,2018-07-08,renault,4,70.0,0
2018,10,2018-07-08,haas,5,51.0,0
2018,10,2018-07-08,force_india,6,49.0,0
2018,10,2018-07-08,mclaren,7,48.0,0
2018,10,2018-07-08,toro_rosso,8,19.0,0
2018,10,2018-07-08,sauber,9,16.0,0
2018,10,2018-07-08,williams,10,4.0,0
2018,11,2018-07-22,mercedes,1,310.0,4
2018,11,2018-07-22,ferrari,2,302.0,4
2018,11,2018-07-22,red_bull,3,211.0,3
2018,11,2018-07-22,renault,4,80.0,0
2018,11,2018-07-22,force_india,5,59.0,0
2018,11,2018-07-22,haas,6,59.0,0
2018,11,2018-07-22,mclaren,7,48.0,0
2018,11,2018-07-22,toro_rosso,8,20.0,0
2018,11,2018-07-22,sauber,9,18.0,0
2018,11,2018-07-22,williams,10,4.0,0
2018,12,2018-07-29,mercedes,1,345.0,5
2018,12,2018-07-29,ferrari,2,335.0,4
2018,12,2018-07-29,red_bull,3,223.0,3
2018,12,2018-07-29,renault,4,82.0,0
2018,12,2018-07-29,haas,5,66.0,0
2018,12,2018-07-29,force_india,6,59.0,0
2018,12,2018-07-29,mclaren,7,52.0,0
2018,12,2018-07-29,toro_rosso,8,28.0,0
2018,12,2018-07-29,sauber,9,18.0,0
2018,12,2018-07-29,williams,10,4.0,0
2018,13,2018-08-26,mercedes,1,375.0,5
2018,13,2018-08-26,ferrari,2,360.0,5
2018,13,2018-08-26,red_bull,3,238.0,3
2018,13,2018-08-26,renault,4,82.0,0
2018,13,2018-08-26,force_india,5,77.0,0
2018,13,2018-08-26,haas,6,76.0,0
2018,13,2018-08-26,mclaren,7,52.0,0
2018,13,2018-08-26,toro_rosso,8,30.0,0
2018,13,2018-08-26,sauber,9,19.0,0
2018,13,2018-08-26,williams,10,4.0,0
2018,14,2018-09-02,mercedes,1,415.0,6
2018,14,2018-09-02,ferrari,2,390.0,5
2018,14,2018-09-02,red_bull,3,248.0,3
2018,14,2018-09-02,force_india,4,91.0,0
2018,14,2018-09-02,renault,5,86.0,0
2018,14,2018-09-02,haas,6,76.0,0
2018,14,2018-09-02,mclaren,7,52.0,0
2018,14,2018-09-02,toro_rosso,8,30.0,0
2018,14,2018-09-02,sauber,9,19.0,0
2018,14,2018-09-02,williams,10,7.0,0
2018,15,2018-09-16,mercedes,1,452.0,7
2018,15,2018-09-16,ferrari,2,415.0,5
2018,15,2018-09-16,red_bull,3,274.0,3
2018,15,2018-09-16,force_india,4,91.0,0
2018,15,2018-09-16,renault,5,91.0,0
2018,15,2018-09-16,haas,6,76.0,0
2018,15,2018-09-16,mclaren,7,58.0,0
2018,15,2018-09-16,toro_rosso,8,30.0,0
2018,15,2018-09-16,sauber,9,21.0,0
2018,15,2018-09-16,williams,10,7.0,0
2018,16,2018-09-30,mercedes,1,495.0,8
2018,16,2018-09-30,ferrari,2,442.0,5
2018,16,2018-09-30,red_bull,3,292.0,3
2018,16,2018-09-30,force_india,4,94.0,0
2018,16,2018-09-30,renault,5,91.0,0
2018,16,2018-09-30,haas,6,80.0,0
2018,16,2018-09-30,mclaren,7,58.0,0
2018,16,2018-09-30,toro_rosso,8,30.0,0
2018,16,2018-09-30,sauber,9,27.0,0
2018,16,2018-09-30,williams,10,7.0,0
2018,17,2018-10-07,mercedes,1,538.0,9
2018,17,2018-10-07,ferrari,2,460.0,5
2018,17,2018-10-07,red_bull,3,319.0,3
2018,17,2018-10-07,force_india,4,102.0,0
2018,17,2018-10-07,renault,5,92.0,0
2018,17,2018-10-07,haas,6,84.0,0
2018,17,2018-10-07,mclaren,7,58.0,0
2018,17,2018-10-07,toro_rosso,8,30.0,0
2018,17,2018-10-07,sauber,9,27.0,0
2018,17,2018-10-07,williams,10,7.0,0
2018,18,2018-10-21,mercedes,1,563.0,9
2018,18,2018-10-21,ferrari,2,497.0,6
2018,18,2018-10-21,red_bull,3,337.0,3
2018,18,2018-10-21,force_india,4,106.0,0
2018,18,2018-10-21,renault,5,106.0,0
2018,18,2018-10-21,haas,6,84.0,0
2018,18,2018-10-21,mclaren,7,58.0,0
2018,18,2018-10-21,toro_rosso,8,32.0,0
2018,18,2018-10-21,sauber,9,28.0,0
2018,18,2018-10-21,williams,10,7.0,0
2025,7,2025-05-18,mclaren,1,279.0,5
2025,7,2025-05-18,mercedes,2,147.0,0
2025,7,2025-05-18,red_bull,3,131.0,2
2025,7,2025-05-18,ferrari,4,114.0,0
2025,7,2025-05-18,williams,5,51.0,0
2025,7,2025-05-18,haas,6,20.0,0
2025,7,2025-05-18,aston_martin,7,14.0,0
2025,7,2025-05-18,rb,8,10.0,0
2025,7,2025-05-18,alpine,9,7.0,0
2025,7,2025-05-18,sauber,10,6.0,0
2018,19,,mercedes,1,585.0,9
2018,19,,ferrari,2,530.0,6
2018,19,,red_bull,3,362.0,4
2018,19,,renault,4,114.0,0
2018,19,,force_india,5,106.0,0
2018,19,,haas,6,84.0,0
2018,19,,mclaren,7,62.0,0
2018,19,,sauber,8,36.0,0
2018,19,,toro_rosso,9,33.0,0
2018,19,,williams,10,7.0,0
2018,20,,mercedes,1,620.0,10
2018,20,,ferrari,2,553.0,6
2018,20,,red_bull,3,392.0,4
2018,20,,renault,4,114.0,0
2018,20,,force_india,5,107.0,0
2018,20,,haas,6,90.0,0
2018,20,,mclaren,7,62.0,0
2018,20,,sauber,8,42.0,0
2018,20,,toro_rosso,9,33.0,0
2018,20,,williams,10,7.0,0
2018,21,,mercedes,1,655.0,11
2018,21,,ferrari,2,571.0,6
2018,21,,red_bull,3,419.0,4
2018,21,,renault,4,122.0,0
2018,21,,force_india,5,111.0,0
2018,21,,haas,6,93.0,0
2018,21,,mclaren,7,62.0,0
2018,21,,sauber,8,48.0,0
2018,21,,toro_rosso,9,33.0,0
2018,21,,williams,10,7.0,0
2019,1,,mercedes,1,44.0,1
2019,1,,ferrari,2,22.0,0
2019,1,,red_bull,3,15.0,0
2019,1,,haas,4,8.0,0
2019,1,,renault,5,6.0,0
2019,1,,alfa,6,4.0,0
2019,1,,racing_point,7,2.0,0
2019,1,,toro_rosso,8,1.0,0
2019,1,,mclaren,9,0.0,0
2019,1,,williams,10,0.0,0
2019,2,,mercedes,1,87.0,2
2019,2,,ferrari,2,48.0,0
2019,2,,red_bull,3,31.0,0
2019,2,,alfa,4,10.0,0
2019,2,,mclaren,5,8.0,0
2019,2,,haas,6,8.0,0
2019,2,,renault,7,6.0,0
2019,2,,toro_rosso,8,3.0,0
2019,2,,racing_point,9,3.0,0
2019,2,,williams,10,0.0,0
2019,3,,mercedes,1,130.0,3
2019,3,,ferrari,2,73.0,0
2019,3,,red_bull,3,52.0,0
2019,3,,renault,4,12.0,0
2019,3,,alfa,5,12.0,0
2019,3,,haas,6,8.0,0
2019,3,,mclaren,7,8.0,0
2019,3,,racing_point,8,7.0,0
2019,3,,toro_rosso,9,4.0,0
2019,3,,williams,10,0.0,0
2019,4,,mercedes,1,173.0,4
2019,4,,ferrari,2,99.0,0
2019,4,,red_bull,3,64.0,0
2019,4,,mclaren,4,18.0,0
2019,4,,racing_point,5,17.0,0
2019,4,,alfa,6,13.0,0
2019,4,,renault,7,12.0,0
2019,4,,haas,8,8.0,0
2019,4,,toro_rosso,9,4.0,0
2019,4,,williams,10,0.0,0
2019,5,,mercedes,1,217.0,5
2019,5,,ferrari,2,121.0,0
2019,5,,red_bull,3,87.0,0
2019,5,,mclaren,4,22.0,0
2019,5,,racing_point,5,17.0,0
2019,5,,haas,6,15.0,0
2019,5,,alfa,7,13.0,0
2019,5,,renault,8,12.0,0
2019,5,,toro_rosso,9,6.0,0
2019,5,,williams,10,0.0,0
2019,6,,mercedes,1,257.0,6
2019,6,,ferrari,2,139.0,0
2019,6,,red_bull,3,110.0,0
2019,6,,mclaren,4,30.0,0
2019,6,,racing_point,5,17.0,0
2019,6,,haas,6,16.0,0
2019,6,,toro_rosso,7,16.0,0
2019,6,,renault,8,14.0,0
2019,6,,alfa,9,13.0,0
2019,6,,williams,10,0.0,0
2019,7,,mercedes,1,295.0,7
2019,7,,ferrari,2,172.0,0
2019,7,,red_bull,3,124.0,0
2019,7,,mclaren,4,30.0,0
2019,7,,renault,5,28.0,0
2019,7,,racing_point,6,19.0,0
2019,7,,toro_rosso,7,17.0,0
2019,7,,haas,8,16.0,0
2019,7,,alfa,9,13.0,0
2019,7,,williams,10,0.0,0
2019,8,,mercedes,1,338.0,8
2019,8,,ferrari,2,198.0,0
2019,8,,red_bull,3,137.0,0
2019,8,,mclaren,4,40.0,0
2019,8,,renault,5,32.0,0
2019,8,,racing_point,6,19.0,0
2019,8,,alfa,7,19.0,0
2019,8,,toro_rosso,8,17.0,0
2019,8,,haas,9,16.0,0
2019,8,,williams,10,0.0,0
2019,9,,mercedes,1,363.0,8
2019,9,,ferrari,2,228.0,0
2019,9,,red_bull,3,169.0,1
2019,9,,mclaren,4,52.0,0
2019,9,,renault,5,32.0,0
2019,9,,alfa,6,22.0,0
2019,9,,racing_point,7,19.0,0
2019,9,,toro_rosso,8,17.0,0
2019,9,,haas,9,16.0,0
2019,9,,williams,10,0.0,0
2019,10,,mercedes,1,407.0,9
2019,10,,ferrari,2,243.0,0
2019,10,,red_bull,3,191.0,1
2019,10,,mclaren,4,60.0,0
2019,10,,renault,5,39.0,0
2019,10,,alfa,6,26.0,0
2019,10,,racing_point,7,19.0,0
2019,10,,toro_rosso,8,19.0,0
2019,10,,haas,9,16.0,0
2019,10,,williams,10,0.0,0
2019,11,,mercedes,1,409.0,9
2019,11,,ferrari,2,261.0,0
2019,11,,red_bull,3,217.0,2
2019,11,,mclaren,4,70.0,0
2019,11,,toro_rosso,5,42.0,0
2019,11,,renault,6,39.0,0
2019,11,,racing_point,7,31.0,0
2019,11,,haas,8,26.0,0
2019,11,,alfa,9,26.0,0
2019,11,,williams,10,1.0,0
2019,12,,mercedes,1,438.0,10
2019,12,,ferrari,2,288.0,0
2019,12,,red_bull,3,244.0,2
2019,12,,mclaren,4,82.0,0
2019,12,,toro_rosso,5,43.0,0
2019,12,,renault,6,39.0,0
2019,12,,alfa,7,32.0,0
2019,12,,racing_point,8,31.0,0
2019,12,,haas,9,26.0,0
2019,12,,williams,10,1.0,0
2019,13,,mercedes,1,471.0,10
2019,13,,ferrari,2,326.0,1
2019,13,,red_bull,3,254.0,2
2019,13,,mclaren,4,82.0,0
2019,13,,toro_rosso,5,51.0,0
2019,13,,renault,6,43.0,0
2019,13,,racing_point,7,40.0,0
2019,13,,alfa,8,32.0,0
2019,13,,haas,9,26.0,0
2019,13,,williams,10,1.0,0
2019,14,,mercedes,1,505.0,10
2019,14,,ferrari,2,351.0,2
2019,14,,red_bull,3,266.0,2
2019,14,,mclaren,4,83.0,0
2019,14,,renault,5,65.0,0
2019,14,,toro_rosso,6,51.0,0
2019,14,,racing_point,7,46.0,0
2019,14,,alfa,8,34.0,0
2019,14,,haas,9,26.0,0
2019,14,,williams,10,1.0,0
2019,15,,mercedes,1,527.0,10
2019,15,,ferrari,2,394.0,3
2019,15,,red_bull,3,289.0,2
2019,15,,mclaren,4,89.0,0
2019,15,,renault,5,67.0,0
2019,15,,toro_rosso,6,55.0,0
2019,15,,racing_point,7,46.0,0
2019,15,,alfa,8,35.0,0
2019,15,,haas,9,26.0,0
2019,15,,williams,10,1.0,0
2019,16,,mercedes,1,571.0,11
2019,16,,ferrari,2,409.0,3
2019,16,,red_bull,3,311.0,2
2019,16,,mclaren,4,101.0,0
2019,16,,renault,5,68.0,0
2019,16,,toro_rosso,6,55.0,0
2019,16,,racing_point,7,52.0,0
2019,16,,alfa,8,35.0,0
2019,16,,haas,9,28.0,0
2019,16,,williams,10,1.0,0
2019,17,,mercedes,1,612.0,12
2019,17,,ferrari,2,435.0,3
2019,17,,red_bull,3,323.0,2
2019,17,,mclaren,4,111.0,0
2019,17,,renault,5,68.0,0
2019,17,,toro_rosso,6,62.0,0
2019,17,,racing_point,7,58.0,0
2019,17,,alfa,8,35.0,0
2019,17,,haas,9,28.0,0
2019,17,,williams,10,1.0,0
2019,18,,mercedes,1,652.0,13
2019,18,,ferrari,2,466.0,3
2019,18,,red_bull,3,341.0,2
2019,18,,mclaren,4,111.0,0
2019,18,,renault,5,73.0,0
2019,18,,toro_rosso,6,64.0,0
2019,18,,racing_point,7,64.0,0
2019,18,,alfa,8,35.0,0
2019,18,,haas,9,28.0,0
2019,18,,williams,10,1.0,0
2019,19,,mercedes,1,695.0,14
2019,19,,ferrari,2,479.0,3
2019,19,,red_bull,3,366.0,2
2019,19,,mclaren,4,121.0,0
2019,19,,renault,5,83.0,0
2019,19,,racing_point,6,65.0,0
2019,19,,toro_rosso,7,64.0,0
2019,19,,alfa,8,35.0,0
2019,19,,haas,9,28.0,0
2019,19,,williams,10,1.0,0
2019,20,,mercedes,1,701.0,14
2019,20,,ferrari,2,479.0,3
2019,20,,red_bull,3,391.0,3
2019,20,,mclaren,4,140.0,0
2019,20,,renault,5,91.0,0
2019,20,,toro_rosso,6,83.0,0
2019,20,,racing_point,7,67.0,0
2019,20,,alfa,8,57.0,0
2019,20,,haas,9,28.0,0
2019,20,,williams,10,1.0,0
2019,21,,mercedes,1,739.0,15
2019,21,,ferrari,2,504.0,3
2019,21,,red_bull,3,417.0,3
2019,21,,mclaren,4,145.0,0
2019,21,,renault,5,91.0,0
2019,21,,toro_rosso,6,85.0,0
2019,21,,racing_point,7,73.0,0
2019,21,,alfa,8,57.0,0
2019,21,,haas,9,28.0,0
2019,21,,williams,10,1.0,0
2020,1,,mercedes,1,37.0,1
2020,1,,mclaren,2,26.0,0
2020,1,,ferrari,3,19.0,0
2020,1,,alphatauri,4,6.0,0
2020,1,,renault,5,4.0,0
2020,1,,alfa,6,2.0,0
2020,1,,racing_point,7,0.0,0
2020,1,,williams,8,0.0,0
2020,1,,red_bull,9,0.0,0
2020,1,,haas,-,0.0,0
2020,2,,mercedes,1,80.0,2
2020,2,,mclaren,2,39.0,0
2020,2,,red_bull,3,27.0,0
2020,2,,ferrari,4,19.0,0
2020,2,,renault,5,8.0,0
2020,2,,racing_point,6,7.0,0
2020,2,,alphatauri,7,7.0,0
2020,2,,alfa,8,2.0,0
2020,2,,williams,9,0.0,0
2020,2,,haas,10,0.0,0
2020,3,,mercedes,1,121.0,3
2020,3,,red_bull,2,55.0,0
2020,3,,mclaren,3,41.0,0
2020,3,,ferrari,4,27.0,0
2020,3,,racing_point,5,25.0,0
2020,3,,renault,6,12.0,0
2020,3,,alphatauri,7,7.0,0
2020,3,,alfa,8,2.0,0
2020,3,,haas,9,1.0,0
2020,3,,williams,10,0.0,0
2020,4,,mercedes,1,146.0,4
2020,4,,red_bull,2,78.0,0
2020,4,,mclaren,3,51.0,0
2020,4,,ferrari,4,43.0,0
2020,4,,renault,5,32.0,0
2020,4,,racing_point,6,27.0,0
2020,4,,alphatauri,7,13.0,0
2020,4,,alfa,8,2.0,0
2020,4,,haas,9,1.0,0
2020,4,,williams,10,0.0,0
2020,5,,mercedes,1,180.0,4
2020,5,,red_bull,2,113.0,1
2020,5,,ferrari,3,55.0,0
2020,5,,mclaren,4,53.0,0
2020,5,,racing_point,5,41.0,0
2020,5,,renault,6,36.0,0
2020,5,,alphatauri,7,14.0,0
2020,5,,alfa,8,2.0,0
2020,5,,haas,9,1.0,0
2020,5,,williams,10,0.0,0
2020,6,,mercedes,1,221.0,5
2020,6,,red_bull,2,135.0,1
2020,6,,racing_point,3,63.0,0
2020,6,,mclaren,4,62.0,0
2020,6,,ferrari,5,61.0,0
2020,6,,renault,6,36.0,0
2020,6,,alphatauri,7,16.0,0
2020,6,,alfa,8,2.0,0
2020,6,,haas,9,1.0,0
2020,6,,williams,10,0.0,0
2020,7,,mercedes,1,264.0,6
2020,7,,red_bull,2,158.0,1
2020,7,,mclaren,3,68.0,0
2020,7,,racing_point,4,66.0,0
2020,7,,ferrari,5,61.0,0
2020,7,,renault,6,59.0,0
2020,7,,alphatauri,7,20.0,0
2020,7,,alfa,8,2.0,0
2020,7,,haas,9,1.0,0
2020,7,,williams,10,0.0,0
2020,8,,mercedes,1,281.0,6
2020,8,,red_bull,2,158.0,1
2020,8,,mclaren,3,98.0,0
2020,8,,racing_point,4,82.0,0
2020,8,,renault,5,71.0,0
2020,8,,ferrari,6,61.0,0
2020,8,,alphatauri,7,47.0,1
2020,8,,alfa,8,2.0,0
2020,8,,haas,9,1.0,0
2020,8,,williams,10,0.0,0
2020,9,,mercedes,1,325.0,7
2020,9,,red_bull,2,173.0,1
2020,9,,mclaren,3,106.0,0
2020,9,,racing_point,4,92.0,0
2020,9,,renault,5,83.0,0
2020,9,,ferrari,6,66.0,0
2020,9,,alphatauri,7,53.0,1
2020,9,,alfa,8,4.0,0
2020,9,,haas,9,1.0,0
2020,9,,williams,10,0.0,0
2020,10,,mercedes,1,366.0,8
2020,10,,red_bull,2,192.0,1
2020,10,,mclaren,3,106.0,0
2020,10,,racing_point,4,104.0,0
2020,10,,renault,5,99.0,0
2020,10,,ferrari,6,74.0,0
2020,10,,alphatauri,7,59.0,1
2020,10,,alfa,8,4.0,0
2020,10,,haas,9,1.0,0
2020,10,,williams,10,0.0,0
2020,11,,mercedes,1,391.0,9
2020,11,,red_bull,2,211.0,1
2020,11,,racing_point,3,120.0,0
2020,11,,mclaren,4,116.0,0
2020,11,,renault,5,114.0,0
2020,11,,ferrari,6,80.0,0
2020,11,,alphatauri,7,67.0,1
2020,11,,alfa,8,5.0,0
2020,11,,haas,9,3.0,0
2020,11,,williams,10,0.0,0
2020,17,,mercedes,1,573.0,13
2020,17,,red_bull,2,319.0,2
2020,17,,mclaren,3,202.0,0
2020,17,,racing_point,4,195.0,1
2020,17,,renault,5,181.0,0
2020,17,,ferrari,6,131.0,0
2020,17,,alphatauri,7,107.0,1
2020,17,,alfa,8,8.0,0
2020,17,,haas,9,3.0,0
2020,17,,williams,10,0.0,0
2021,1,,mercedes,1,41.0,1
2021,1,,red_bull,2,28.0,0
2021,1,,mclaren,3,18.0,0
2021,1,,ferrari,4,12.0,0
2021,1,,alphatauri,5,2.0,0
2021,1,,aston_martin,6,1.0,0
2021,1,,alfa,7,0.0,0
2021,1,,alpine,8,0.0,0
2021,1,,williams,9,0.0,0
2021,1,,haas,10,0.0,0
2021,2,,mercedes,1,60.0,1
2021,2,,red_bull,2,53.0,1
2021,2,,mclaren,3,41.0,0
2021,2,,ferrari,4,34.0,0
2021,2,,alphatauri,5,8.0,0
2021,2,,aston_martin,6,5.0,0
2021,2,,alpine,7,3.0,0
2021,2,,alfa,8,0.0,0
2021,2,,williams,9,0.0,0
2021,2,,haas,10,0.0,0
2021,3,,mercedes,1,101.0,2
2021,3,,red_bull,2,83.0,1
2021,3,,mclaren,3,53.0,0
2021,3,,ferrari,4,42.0,0
2021,3,,alpine,5,13.0,0
2021,3,,alphatauri,6,9.0,0
2021,3,,aston_martin,7,5.0,0
2021,3,,alfa,8,0.0,0
2021,3,,williams,9,0.0,0
2021,3,,haas,10,0.0,0
2021,4,,mercedes,1,141.0,3
2021,4,,red_bull,2,112.0,1
2021,4,,mclaren,3,65.0,0
2021,4,,ferrari,4,60.0,0
2021,4,,alpine,5,15.0,0
2021,4,,alphatauri,6,10.0,0
2021,4,,aston_martin,7,5.0,0
2021,4,,alfa,8,0.0,0
2021,4,,williams,9,0.0,0
2021,4,,haas,10,0.0,0
2021,5,,red_bull,1,149.0,2
2021,5,,mercedes,2,148.0,3
2021,5,,mclaren,3,80.0,0
2021,5,,ferrari,4,78.0,0
2021,5,,aston_martin,5,19.0,0
2021,5,,alphatauri,6,18.0,0
2021,5,,alpine,7,17.0,0
2021,5,,alfa,8,1.0,0
2021,5,,williams,9,0.0,0
2021,5,,haas,10,0.0,0
2021,21,,mercedes,1,587.5,9
2021,21,,red_bull,2,559.5,10
2021,21,,ferrari,3,307.5,0
2021,21,,mclaren,4,269.0,1
2021,21,,alpine,5,149.0,1
2021,21,,alphatauri,6,120.0,0
2021,21,,aston_martin,7,77.0,0
2021,21,,williams,8,23.0,0
2021,21,,alfa,9,13.0,0
2021,21,,haas,10,0.0,0
2021,22,,mercedes,1,613.5,9
2021,22,,red_bull,2,585.5,11
2021,22,,ferrari,3,323.5,0
2021,22,,mclaren,4,275.0,1
2021,22,,alpine,5,155.0,1
2021,22,,alphatauri,6,142.0,0
2021,22,,aston_martin,7,77.0,0
2021,22,,williams,8,23.0,0
2021,22,,alfa,9,13.0,0
2021,22,,haas,10,0.0,0
2022,1,,ferrari,1,44.0,1
2022,1,,mercedes,2,27.0,0
2022,1,,haas,3,10.0,0
2022,1,,alfa,4,9.0,0
2022,1,,alpine,5,8.0,0
2022,1,,alphatauri,6,4.0,0
2022,1,,aston_martin,7,0.0,0
2022,1,,williams,8,0.0,0
2022,1,,mclaren,9,0.0,0
2022,1,,red_bull,10,0.0,0
2022,2,,ferrari,1,78.0,1
2022,2,,mercedes,2,38.0,0
2022,2,,red_bull,3,37.0,1
2022,2,,alpine,4,16.0,0
2022,2,,haas,5,12.0,0
2022,2,,alfa,6,9.0,0
2022,2,,alphatauri,7,8.0,0
2022,2,,mclaren,8,6.0,0
2022,2,,aston_martin,9,0.0,0
2022,2,,williams,10,0.0,0
2022,3,,ferrari,1,104.0,2
2022,3,,mercedes,2,65.0,0
2022,3,,red_bull,3,55.0,1
2022,3,,mclaren,4,24.0,0
2022,3,,alpine,5,22.0,0
2022,3,,alfa,6,13.0,0
2022,3,,haas,7,12.0,0
2022,3,,alphatauri,8,10.0,0
2022,3,,williams,9,1.0,0
2022,3,,aston_martin,10,0.0,0
2023,5,,red_bull,1,224.0,5
2023,5,,aston_martin,2,102.0,0
2023,5,,mercedes,3,96.0,0
2023,5,,ferrari,4,78.0,0
2023,5,,mclaren,5,14.0,0
2023,5,,alpine,6,14.0,0
2023,5,,haas,7,8.0,0
2023,5,,alfa,8,6.0,0
2023,5,,alphatauri,9,2.0,0
2023,5,,williams,10,1.0,0
2023,6,,red_bull,1,249.0,6
2023,6,,aston_martin,2,120.0,0
2023,6,,mercedes,3,119.0,0
2023,6,,ferrari,4,90.0,0
2023,6,,alpine,5,35.0,0
2023,6,,mclaren,6,17.0,0
2023,6,,haas,7,8.0,0
2023,6,,alfa,8,6.0,0
2023,6,,alphatauri,9,2.0,0
2023,6,,williams,10,1.0,0
2023,7,,red_bull,1,287.0,7
2023,7,,mercedes,2,152.0,0
2023,7,,aston_martin,3,134.0,0
2023,7,,ferrari,4,100.0,0
2023,7,,alpine,5,40.0,0
2023,7,,mclaren,6,17.0,0
2023,7,,haas,7,8.0,0
2023,7,,alfa,8,8.0,0
2023,7,,alphatauri,9,2.0,0
2023,7,,williams,10,1.0,0
2023,8,,red_bull,1,321.0,8
2023,8,,mercedes,2,167.0,0
2023,8,,aston_martin,3,154.0,0
2023,8,,ferrari,4,122.0,0
2023,8,,alpine,5,44.0,0
2023,8,,mclaren,6,17.0,0
2023,8,,alfa,7,9.0,0
2023,8,,haas,8,8.0,0
2023,8,,williams,9,7.0,0
2023,8,,alphatauri,10,2.0,0
2023,9,,red_bull,1,377.0,9
2023,9,,mercedes,2,178.0,0
2023,9,,aston_martin,3,175.0,0
2023,9,,ferrari,4,154.0,0
2023,9,,alpine,5,47.0,0
2023,9,,mclaren,6,29.0,0
2023,9,,haas,7,11.0,0
2023,9,,alfa,8,9.0,0
2023,9,,williams,9,7.0,0
2023,9,,alphatauri,10,2.0,0
2023,10,,red_bull,1,411.0,10
2023,10,,mercedes,2,203.0,0
2023,10,,aston_martin,3,181.0,0
2023,10,,ferrari,4,157.0,0
2023,10,,mclaren,5,59.0,0
2023,10,,alpine,6,47.0,0
2023,10,,williams,7,11.0,0
2023,10,,haas,8,11.0,0
2023,10,,alfa,9,9.0,0
2023,10,,alphatauri,10,2.0,0
2023,11,,red_bull,1,452.0,11
2023,11,,mercedes,2,223.0,0
2023,11,,aston_martin,3,184.0,0
2023,11,,ferrari,4,167.0,0
2023,11,,mclaren,5,87.0,0
2023,11,,alpine,6,47.0,0
2023,11,,williams,7,11.0,0
2023,11,,haas,8,11.0,0
2023,11,,alfa,9,9.0,0
2023,11,,alphatauri,10,2.0,0
2023,12,,red_bull,1,503.0,12
2023,12,,mercedes,2,247.0,0
2023,12,,aston_martin,3,196.0,0
2023,12,,ferrari,4,191.0,0
2023,12,,mclaren,5,103.0,0
2023,12,,alpine,6,57.0,0
2023,12,,williams,7,11.0,0
2023,12,,haas,8,11.0,0
2023,12,,alfa,9,9.0,0
2023,12,,alphatauri,10,3.0,0
2023,13,,red_bull,1,540.0,13
2023,13,,mercedes,2,255.0,0
2023,13,,aston_martin,3,215.0,0
2023,13,,ferrari,4,201.0,0
2023,13,,mclaren,5,111.0,0
2023,13,,alpine,6,73.0,0
2023,13,,williams,7,15.0,0
2023,13,,haas,8,11.0,0
2023,13,,alfa,9,9.0,0
2023,13,,alphatauri,10,3.0,0
2023,14,,red_bull,1,583.0,14
2023,14,,mercedes,2,273.0,0
2023,14,,ferrari,3,228.0,0
2023,14,,aston_martin,4,217.0,0
2023,14,,mclaren,5,115.0,0
2023,14,,alpine,6,73.0,0
2023,14,,williams,7,21.0,0
2023,14,,haas,8,11.0,0
2023,14,,alfa,9,10.0,0
2023,14,,alphatauri,10,3.0,0
2023,15,,red_bull,1,597.0,14
2023,15,,mercedes,2,289.0,0
2023,15,,ferrari,3,265.0,1
2023,15,,aston_martin,4,217.0,0
2023,15,,mclaren,5,139.0,0
2023,15,,alpine,6,81.0,0
2023,15,,williams,7,21.0,0
2023,15,,haas,8,12.0,0
2023,15,,alfa,9,10.0,0
2023,15,,alphatauri,10,5.0,0
2023,16,,red_bull,1,623.0,15
2023,16,,mercedes,2,305.0,0
2023,16,,ferrari,3,285.0,1
2023,16,,aston_martin,4,221.0,0
2023,16,,mclaren,5,172.0,0
2023,16,,alpine,6,84.0,0
2023,16,,williams,7,21.0,0
2023,16,,haas,8,12.0,0
2023,16,,alfa,9,10.0,0
2023,16,,alphatauri,10,5.0,0
2023,17,,red_bull,1,657.0,16
2023,17,,mercedes,2,326.0,0
2023,17,,ferrari,3,298.0,1
2023,17,,aston_martin,4,230.0,0
2023,17,,mclaren,5,219.0,0
2023,17,,alpine,6,90.0,0
2023,17,,williams,7,23.0,0
2023,17,,alfa,8,16.0,0
2023,17,,haas,9,12.0,0
2023,17,,alphatauri,10,5.0,0
2023,18,,red_bull,1,706.0,17
2023,18,,mercedes,2,344.0,0
2023,18,,ferrari,3,322.0,1
2023,18,,mclaren,4,242.0,0
2023,18,,aston_martin,5,236.0,0
2023,18,,alpine,6,100.0,0
2023,18,,williams,7,26.0,0
2023,18,,alfa,8,16.0,0
2023,18,,haas,9,12.0,0
2023,18,,alphatauri,10,10.0,0
2023,19,,red_bull,1,731.0,18
2023,19,,mercedes,2,371.0,0
2023,19,,ferrari,3,349.0,1
2023,19,,mclaren,4,256.0,0
2023,19,,aston_martin,5,236.0,0
2023,19,,alpine,6,101.0,0
2023,19,,williams,7,28.0,0
2023,19,,alphatauri,8,16.0,0
2023,19,,alfa,9,16.0,0
2023,19,,haas,10,12.0,0
2023,20,,red_bull,1,782.0,19
2023,20,,mercedes,2,382.0,0
2023,20,,ferrari,3,362.0,1
2023,20,,mclaren,4,282.0,0
2023,20,,aston_martin,5,261.0,0
2023,20,,alpine,6,108.0,0
2023,20,,williams,7,28.0,0
2023,20,,alphatauri,8,21.0,0
2023,20,,alfa,9,16.0,0
2023,20,,haas,10,12.0,0
2023,21,,red_bull,1,822.0,20
2023,21,,mercedes,2,392.0,0
2023,21,,ferrari,3,388.0,1
2023,21,,mclaren,4,284.0,0
2023,21,,aston_martin,5,273.0,0
2023,21,,alpine,6,120.0,0
2023,21,,williams,7,28.0,0
2023,21,,alphatauri,8,21.0,0
2023,21,,alfa,9,16.0,0
2023,21,,haas,10,12.0,0
2023,22,,red_bull,1,860.0,21
2023,22,,mercedes,2,409.0,0
2023,22,,ferrari,3,406.0,1
2023,22,,mclaren,4,302.0,0
2023,22,,aston_martin,5,280.0,0
2023,22,,alpine,6,120.0,0
2023,22,,williams,7,28.0,0
2023,22,,alphatauri,8,25.0,0
2023,22,,alfa,9,16.0,0
2023,22,,haas,10,12.0,0
2025,1,,mclaren,1,27.0,1
2025,1,,mercedes,2,27.0,0
2025,1,,red_bull,3,18.0,0
2025,1,,williams,4,10.0,0
2025,1,,aston_martin,5,8.0,0
2025,1,,sauber,6,6.0,0
2025,1,,ferrari,7,5.0,0
2025,1,,alpine,8,0.0,0
2025,1,,rb,9,0.0,0
2025,1,,haas,10,0.0,0
2025,2,,mclaren,1,78.0,2
2025,2,,mercedes,2,57.0,0
2025,2,,red_bull,3,36.0,0
2025,2,,williams,4,17.0,0
2025,2,,ferrari,5,17.0,0
2025,2,,haas,6,14.0,0
2025,2,,aston_martin,7,10.0,0
2025,2,,sauber,8,6.0,0
2025,2,,rb,9,3.0,0
2025,2,,alpine,10,0.0,0
2025,3,,mclaren,1,111.0,2
2025,3,,mercedes,2,75.0,0
2025,3,,red_bull,3,61.0,1
2025,3,,ferrari,4,35.0,0
2025,3,,williams,5,19.0,0
2025,3,,haas,6,15.0,0
2025,3,,aston_martin,7,10.0,0
2025,3,,rb,8,7.0,0
2025,3,,sauber,9,6.0,0
2025,3,,alpine,10,0.0,0
2025,4,,mclaren,1,151.0,3
2025,4,,mercedes,2,93.0,0
2025,4,,red_bull,3,71.0,1
2025,4,,ferrari,4,57.0,0
2025,4,,haas,5,20.0,0
2025,4,,williams,6,19.0,0
2025,4,,aston_martin,7,10.0,0
2025,4,,rb,8,7.0,0
2025,4,,alpine,9,6.0,0
2025,4,,sauber,10,6.0,0
2025,5,,mclaren,1,188.0,4
2025,5,,mercedes,2,111.0,0
2025,5,,red_bull,3,89.0,1
2025,5,,ferrari,4,78.0,0
2025,5,,williams,5,25.0,0
2025,5,,haas,6,20.0,0
2025,5,,aston_martin,7,10.0,0
2025,5,,rb,8,8.0,0
2025,5,,alpine,9,6.0,0
2025,5,,sauber,10,6.0,0
2025,6,,mclaren,1,246.0,5
2025,6,,mercedes,2,141.0,0
2025,6,,red_bull,3,105.0,1
2025,6,,ferrari,4,94.0,0
2025,6,,williams,5,37.0,0
2025,6,,haas,6,20.0,0
2025,6,,aston_martin,7,14.0,0
2025,6,,rb,8,8.0,0
2025,6,,alpine,9,7.0,0
2025,6,,sauber,10,6.0,0
2025,9,,mclaren,1,362.0,7
2025,9,,ferrari,2,165.0,0
2025,9,,mercedes,3,159.0,0
2025,9,,red_bull,4,144.0,2
2025,9,,williams,5,54.0,0
2025,9,,rb,6,28.0,0
2025,9,,haas,7,26.0,0
2025,9,,sauber,8,16.0,0
2025,9,,aston_martin,9,16.0,0
2025,9,,alpine,10,11.0,0
2025,10,,mclaren,1,374.0,7
2025,10,,mercedes,2,199.0,1
2025,10,,ferrari,3,183.0,0
2025,10,,red_bull,4,162.0,2
2025,10,,williams,5,55.0,0
2025,10,,haas,6,28.0,0
2025,10,,rb,7,28.0,0
2025,10,,aston_martin,8,22.0,0
2025,10,,sauber,9,20.0,0
2025,10,,alpine,10,11.0,0
2025,11,,mclaren,1,417.0,8
2025,11,,ferrari,2,210.0,0
2025,11,,mercedes,3,209.0,1
2025,11,,red_bull,4,162.0,2
2025,11,,williams,5,55.0,0
2025,11,,rb,6,36.0,0
2025,11,,haas,7,29.0,0
2025,11,,aston_martin,8,28.0,0
2025,11,,sauber,9,26.0,0
2025,11,,alpine,10,11.0,0
2025,12,,mclaren,1,460.0,9
2025,12,,ferrari,2,222.0,0
2025,12,,mercedes,3,210.0,1
2025,12,,red_bull,4,172.0,2
2025,12,,williams,5,59.0,0
2025,12,,sauber,6,41.0,0
2025,12,,rb,7,36.0,0
2025,12,,aston_martin,8,36.0,0
2025,12,,haas,9,29.0,0
2025,12,,alpine,10,19.0,0
2025,13,,mclaren,1,516.0,10
2025,13,,ferrari,2,248.0,0
2025,13,,mercedes,3,220.0,1
2025,13,,red_bull,4,192.0,2
2025,13,,williams,5,70.0,0
2025,13,,sauber,6,43.0,0
2025,13,,rb,7,41.0,0
2025,13,,aston_martin,8,36.0,0
2025,13,,haas,9,35.0,0
2025,13,,alpine,10,20.0,0
2025,14,,mclaren,1,559.0,11
2025,14,,ferrari,2,260.0,0
2025,14,,mercedes,3,236.0,1
2025,14,,red_bull,4,194.0,2
2025,14,,williams,5,70.0,0
2025,14,,aston_martin,6,52.0,0
2025,14,,sauber,7,51.0,0
2025,14,,rb,8,45.0,0
2025,14,,haas,9,35.0,0
2025,14,,alpine,10,20.0,0
2025,15,,mclaren,1,584.0,12
2025,15,,ferrari,2,260.0,0
2025,15,,mercedes,3,248.0,1
2025,15,,red_bull,4,214.0,2
2025,15,,williams,5,80.0,0
2025,15,,aston_martin,6,62.0,0
2025,15,,rb,7,60.0,0
2025,15,,sauber,8,51.0,0
2025,15,,haas,9,44.0,0
2025,15,,alpine,10,20.0,0
2025,16,,mclaren,1,617.0,12
2025,16,,ferrari,2,280.0,0
2025,16,,mercedes,3,260.0,1
2025,16,,red_bull,4,239.0,3
2025,16,,williams,5,86.0,0
2025,16,,aston_martin,6,62.0,0
2025,16,,rb,7,61.0,0
2025,16,,sauber,8,55.0,0
2025,16,,haas,9,44.0,0
2025,16,,alpine,10,20.0,0
2025,17,,mclaren,1,623.0,12
2025,17,,mercedes,2,290.0,1
2025,17,,ferrari,3,286.0,0
2025,17,,red_bull,4,272.0,4
2025,17,,williams,5,101.0,0
2025,17,,rb,6,72.0,0
2025,17,,aston_martin,7,62.0,0
2025,17,,sauber,8,55.0,0
2025,17,,haas,9,44.0,0
2025,17,,alpine,10,20.0,0
2025,18,,mclaren,1,650.0,12
2025,18,,mercedes,2,325.0,2
2025,18,,ferrari,3,298.0,0
2025,18,,red_bull,4,290.0,4
2025,18,,williams,5,102.0,0
2025,18,,rb,6,72.0,0
2025,18,,aston_martin,7,68.0,0
2025,18,,sauber,8,55.0,0
2025,18,,haas,9,46.0,0
2025,18,,alpine,10,20.0,0
2025,19,,mclaren,1,678.0,12
2025,19,,mercedes,2,341.0,2
2025,19,,ferrari,3,334.0,0
2025,19,,red_bull,4,331.0,5
2025,19,,williams,5,111.0,0
2025,19,,rb,6,72.0,0
2025,19,,aston_martin,7,69.0,0
2025,19,,sauber,8,59.0,0
2025,19,,haas,9,48.0,0
2025,19,,alpine,10,20.0,0
2025,20,,mclaren,1,713.0,13
2025,20,,ferrari,2,356.0,0
2025,20,,mercedes,3,355.0,2
2025,20,,red_bull,4,346.0,5
2025,20,,williams,5,111.0,0
2025,20,,rb,6,72.0,0
2025,20,,aston_martin,7,69.0,0
2025,20,,haas,8,62.0,0
2025,20,,sauber,9,60.0,0
2025,20,,alpine,10,20.0,0
2025,21,,mclaren,1,756.0,14
2025,21,,mercedes,2,398.0,2
2025,21,,red_bull,3,366.0,5
2025,21,,ferrari,4,362.0,0
2025,21,,williams,5,111.0,0
2025,21,,rb,6,82.0,0
2025,21,,aston_martin,7,72.0,0
2025,21,,haas,8,70.0,0
2025,21,,sauber,9,62.0,0
2025,21,,alpine,10,22.0,0
2025,22,,mclaren,1,756.0,14
2025,22,,mercedes,2,431.0,2
2025,22,,red_bull,3,391.0,6
2025,22,,ferrari,4,378.0,0
2025,22,,williams,5,121.0,0
2025,22,,rb,6,90.0,0
2025,22,,haas,7,73.0,0
2025,22,,aston_martin,8,72.0,0
2025,22,,sauber,9,68.0,0
2025,22,,alpine,10,22.0,0
2020,12,,mercedes,1,435.0,10
2020,12,,red_bull,2,226.0,1
2020,12,,racing_point,3,126.0,0
2020,12,,mclaren,4,124.0,0
2020,12,,renault,5,120.0,0
2020,12,,ferrari,6,93.0,0
2020,12,,alphatauri,7,77.0,1
2020,12,,alfa,8,5.0,0
2020,12,,haas,9,3.0,0
2020,12,,williams,10,0.0,0
2020,13,,mercedes,1,479.0,11
2020,13,,red_bull,2,226.0,1
2020,13,,renault,3,135.0,0
2020,13,,mclaren,4,134.0,0
2020,13,,racing_point,5,134.0,0
2020,13,,ferrari,6,103.0,0
2020,13,,alphatauri,7,89.0,1
2020,13,,alfa,8,8.0,0
2020,13,,haas,9,3.0,0
2020,13,,williams,10,0.0,0
2020,14,,mercedes,1,504.0,12
2020,14,,red_bull,2,240.0,1
2020,14,,racing_point,3,154.0,0
2020,14,,mclaren,4,149.0,0
2020,14,,renault,5,136.0,0
2020,14,,ferrari,6,130.0,0
2020,14,,alphatauri,7,89.0,1
2020,14,,alfa,8,8.0,0
2020,14,,haas,9,3.0,0
2020,14,,williams,10,0.0,0
2020,15,,mercedes,1,533.0,13
2020,15,,red_bull,2,274.0,1
2020,15,,mclaren,3,171.0,0
2020,15,,racing_point,4,154.0,0
2020,15,,renault,5,144.0,0
2020,15,,ferrari,6,131.0,0
2020,15,,alphatauri,7,97.0,1
2020,15,,alfa,8,8.0,0
2020,15,,haas,9,3.0,0
2020,15,,williams,10,0.0,0
2020,16,,mercedes,1,540.0,13
2020,16,,red_bull,2,282.0,1
2020,16,,racing_point,3,194.0,1
2020,16,,mclaren,4,184.0,0
2020,16,,renault,5,172.0,0
2020,16,,ferrari,6,131.0,0
2020,16,,alphatauri,7,103.0,1
2020,16,,alfa,8,8.0,0
2020,16,,haas,9,3.0,0
2020,16,,williams,10,0.0,0
2021,6,,red_bull,1,174.0,3
2021,6,,mercedes,2,148.0,3
2021,6,,ferrari,3,94.0,0
2021,6,,mclaren,4,92.0,0
2021,6,,alphatauri,5,39.0,0
2021,6,,aston_martin,6,37.0,0
2021,6,,alpine,7,25.0,0
2021,6,,alfa,8,2.0,0
2021,6,,haas,9,0.0,0
2021,6,,williams,10,0.0,0
2021,7,,red_bull,1,215.0,4
2021,7,,mercedes,2,178.0,3
2021,7,,mclaren,3,110.0,0
2021,7,,ferrari,4,94.0,0
2021,7,,alphatauri,5,45.0,0
2021,7,,aston_martin,6,40.0,0
2021,7,,alpine,7,29.0,0
2021,7,,alfa,8,2.0,0
2021,7,,williams,9,0.0,0
2021,7,,haas,10,0.0,0
2021,8,,red_bull,1,252.0,5
2021,8,,mercedes,2,212.0,3
2021,8,,mclaren,3,120.0,0
2021,8,,ferrari,4,108.0,0
2021,8,,alphatauri,5,46.0,0
2021,8,,aston_martin,6,44.0,0
2021,8,,alpine,7,31.0,0
2021,8,,alfa,8,2.0,0
2021,8,,williams,9,0.0,0
2021,8,,haas,10,0.0,0
2021,9,,red_bull,1,286.0,6
2021,9,,mercedes,2,242.0,3
2021,9,,mclaren,3,141.0,0
2021,9,,ferrari,4,122.0,0
2021,9,,alphatauri,5,48.0,0
2021,9,,aston_martin,6,44.0,0
2021,9,,alpine,7,32.0,0
2021,9,,alfa,8,2.0,0
2021,9,,williams,9,0.0,0
2021,9,,haas,10,0.0,0
2021,10,,red_bull,1,289.0,6
2021,10,,mercedes,2,285.0,4
2021,10,,mclaren,3,163.0,0
2021,10,,ferrari,4,148.0,0
2021,10,,alphatauri,5,49.0,0
2021,10,,aston_martin,6,48.0,0
2021,10,,alpine,7,40.0,0
2021,10,,alfa,8,2.0,0
2021,10,,williams,9,0.0,0
2021,10,,haas,10,0.0,0
2021,11,,mercedes,1,303.0,4
2021,11,,red_bull,2,291.0,6
2021,11,,ferrari,3,163.0,0
2021,11,,mclaren,4,163.0,0
2021,11,,alpine,5,77.0,1
2021,11,,alphatauri,6,68.0,0
2021,11,,aston_martin,7,48.0,0
2021,11,,williams,8,10.0,0
2021,11,,alfa,9,3.0,0
2021,11,,haas,10,0.0,0
2021,12,,mercedes,1,310.5,4
2021,12,,red_bull,2,303.5,7
2021,12,,mclaren,3,169.0,0
2021,12,,ferrari,4,165.5,0
2021,12,,alpine,5,80.0,1
2021,12,,alphatauri,6,72.0,0
2021,12,,aston_martin,7,53.0,0
2021,12,,williams,8,20.0,0
2021,12,,alfa,9,3.0,0
2021,12,,haas,10,0.0,0
2021,13,,mercedes,1,344.5,4
2021,13,,red_bull,2,332.5,8
2021,13,,ferrari,3,181.5,0
2021,13,,mclaren,4,170.0,0
2021,13,,alpine,5,90.0,1
2021,13,,alphatauri,6,84.0,0
2021,13,,aston_martin,7,53.0,0
2021,13,,williams,8,20.0,0
2021,13,,alfa,9,3.0,0
2021,13,,haas,10,0.0,0
2021,14,,mercedes,1,362.5,4
2021,14,,red_bull,2,344.5,8
2021,14,,mclaren,3,215.0,1
2021,14,,ferrari,4,201.5,0
2021,14,,alpine,5,95.0,1
2021,14,,alphatauri,6,84.0,0
2021,14,,aston_martin,7,59.0,0
2021,14,,williams,8,22.0,0
2021,14,,alfa,9,3.0,0
2021,14,,haas,10,0.0,0
2021,15,,mercedes,1,397.5,5
2021,15,,red_bull,2,364.5,8
2021,15,,mclaren,3,234.0,1
2021,15,,ferrari,4,216.5,0
2021,15,,alpine,5,103.0,1
2021,15,,alphatauri,6,84.0,0
2021,15,,aston_martin,7,59.0,0
2021,15,,williams,8,23.0,0
2021,15,,alfa,9,7.0,0
2021,15,,haas,10,0.0,0
2021,16,,mercedes,1,433.5,6
2021,16,,red_bull,2,397.5,8
2021,16,,mclaren,3,240.0,1
2021,16,,ferrari,4,232.5,0
2021,16,,alpine,5,104.0,1
2021,16,,alphatauri,6,92.0,0
2021,16,,aston_martin,7,61.0,0
2021,16,,williams,8,23.0,0
2021,16,,alfa,9,7.0,0
2021,16,,haas,10,0.0,0
2021,17,,mercedes,1,460.5,6
2021,17,,red_bull,2,437.5,9
2021,17,,mclaren,3,254.0,1
2021,17,,ferrari,4,250.5,0
2021,17,,alpine,5,104.0,1
2021,17,,alphatauri,6,94.0,0
2021,17,,aston_martin,7,62.0,0
2021,17,,williams,8,23.0,0
2021,17,,alfa,9,7.0,0
2021,17,,haas,10,0.0,0
2021,18,,mercedes,1,478.5,6
2021,18,,red_bull,2,477.5,10
2021,18,,ferrari,3,268.5,0
2021,18,,mclaren,4,255.0,1
2021,18,,alpine,5,106.0,1
2021,18,,alphatauri,6,106.0,0
2021,18,,aston_martin,7,68.0,0
2021,18,,williams,8,23.0,0
2021,18,,alfa,9,11.0,0
2021,18,,haas,10,0.0,0
2021,19,,mercedes,1,521.5,7
2021,19,,red_bull,2,510.5,10
2021,19,,ferrari,3,287.5,0
2021,19,,mclaren,4,256.0,1
2021,19,,alpine,5,112.0,1
2021,19,,alphatauri,6,112.0,0
2021,19,,aston_martin,7,68.0,0
2021,19,,williams,8,23.0,0
2021,19,,alfa,9,11.0,0
2021,19,,haas,10,0.0,0
2021,20,,mercedes,1,546.5,8
2021,20,,red_bull,2,541.5,10
2021,20,,ferrari,3,297.5,0
2021,20,,mclaren,4,258.0,1
2021,20,,alpine,5,137.0,1
2021,20,,alphatauri,6,112.0,0
2021,20,,aston_martin,7,77.0,0
2021,20,,williams,8,23.0,0
2021,20,,alfa,9,11.0,0
2021,20,,haas,10,0.0,0
2022,4,,ferrari,1,124.0,2
2022,4,,red_bull,2,113.0,2
2022,4,,mercedes,3,77.0,0
2022,4,,mclaren,4,46.0,0
2022,4,,alfa,5,25.0,0
2022,4,,alpine,6,22.0,0
2022,4,,alphatauri,7,16.0,0
2022,4,,haas,8,15.0,0
2022,4,,aston_martin,9,5.0,0
2022,4,,williams,10,1.0,0
2022,5,,ferrari,1,157.0,2
2022,5,,red_bull,2,151.0,3
2022,5,,mercedes,3,95.0,0
2022,5,,mclaren,4,46.0,0
2022,5,,alfa,5,31.0,0
2022,5,,alpine,6,26.0,0
2022,5,,alphatauri,7,16.0,0
2022,5,,haas,8,15.0,0
2022,5,,aston_martin,9,6.0,0
2022,5,,williams,10,3.0,0
2022,6,,red_bull,1,195.0,4
2022,6,,ferrari,2,169.0,2
2022,6,,mercedes,3,120.0,0
2022,6,,mclaren,4,50.0,0
2022,6,,alfa,5,39.0,0
2022,6,,alpine,6,34.0,0
2022,6,,alphatauri,7,17.0,0
2022,6,,haas,8,15.0,0
2022,6,,aston_martin,9,6.0,0
2022,6,,williams,10,3.0,0
2022,7,,red_bull,1,235.0,5
2022,7,,ferrari,2,199.0,2
2022,7,,mercedes,3,134.0,0
2022,7,,mclaren,4,59.0,0
2022,7,,alfa,5,41.0,0
2022,7,,alpine,6,40.0,0
2022,7,,alphatauri,7,17.0,0
2022,7,,haas,8,15.0,0
2022,7,,aston_martin,9,7.0,0
2022,7,,williams,10,3.0,0
2022,8,,red_bull,1,279.0,6
2022,8,,ferrari,2,199.0,2
2022,8,,mercedes,3,161.0,0
2022,8,,mclaren,4,65.0,0
2022,8,,alpine,5,47.0,0
2022,8,,alfa,6,41.0,0
2022,8,,alphatauri,7,27.0,0
2022,8,,haas,8,15.0,0
2022,8,,aston_martin,9,15.0,0
2022,8,,williams,10,3.0,0
2022,9,,red_bull,1,304.0,7
2022,9,,ferrari,2,228.0,2
2022,9,,mercedes,3,188.0,0
2022,9,,mclaren,4,65.0,0
2022,9,,alpine,5,57.0,0
2022,9,,alfa,6,51.0,0
2022,9,,alphatauri,7,27.0,0
2022,9,,aston_martin,8,16.0,0
2022,9,,haas,9,15.0,0
2022,9,,williams,10,3.0,0
2022,10,,red_bull,1,328.0,7
2022,10,,ferrari,2,265.0,3
2022,10,,mercedes,3,204.0,0
2022,10,,mclaren,4,73.0,0
2022,10,,alpine,5,67.0,0
2022,10,,alfa,6,51.0,0
2022,10,,alphatauri,7,27.0,0
2022,10,,haas,8,20.0,0
2022,10,,aston_martin,9,18.0,0
2022,10,,williams,10,3.0,0
2022,11,,red_bull,1,359.0,7
2022,11,,ferrari,2,303.0,4
2022,11,,mercedes,3,237.0,0
2022,11,,mclaren,4,81.0,0
2022,11,,alpine,5,81.0,0
2022,11,,alfa,6,51.0,0
2022,11,,haas,7,34.0,0
2022,11,,alphatauri,8,27.0,0
2022,11,,aston_martin,9,18.0,0
2022,11,,williams,10,3.0,0
2022,12,,red_bull,1,396.0,8
2022,12,,ferrari,2,314.0,4
2022,12,,mercedes,3,270.0,0
2022,12,,alpine,4,93.0,0
2022,12,,mclaren,5,89.0,0
2022,12,,alfa,6,51.0,0
2022,12,,haas,7,34.0,0
2022,12,,alphatauri,8,27.0,0
2022,12,,aston_martin,9,19.0,0
2022,12,,williams,10,3.0,0
2022,13,,red_bull,1,431.0,9
2022,13,,ferrari,2,334.0,4
2022,13,,mercedes,3,304.0,0
2022,13,,alpine,4,99.0,0
2022,13,,mclaren,5,95.0,0
2022,13,,alfa,6,51.0,0
2022,13,,haas,7,34.0,0
2022,13,,alphatauri,8,27.0,0
2022,13,,aston_martin,9,20.0,0
2022,13,,williams,10,3.0,0
2022,14,,red_bull,1,475.0,10
2022,14,,ferrari,2,357.0,4
2022,14,,mercedes,3,316.0,0
2022,14,,alpine,4,115.0,0
2022,14,,mclaren,5,95.0,0
2022,14,,alfa,6,51.0,0
2022,14,,haas,7,34.0,0
2022,14,,alphatauri,8,29.0,0
2022,14,,aston_martin,9,24.0,0
2022,14,,williams,10,4.0,0
2022,15,,red_bull,1,511.0,11
2022,15,,ferrari,2,376.0,4
2022,15,,mercedes,3,346.0,0
2022,15,,alpine,4,125.0,0
2022,15,,mclaren,5,101.0,0
2022,15,,alfa,6,51.0,0
2022,15,,haas,7,34.0,0
2022,15,,alphatauri,8,29.0,0
2022,15,,aston_martin,9,25.0,0
2022,15,,williams,10,4.0,0
2022,16,,red_bull,1,545.0,12
2022,16,,ferrari,2,406.0,4
2022,16,,mercedes,3,371.0,0
2022,16,,alpine,4,125.0,0
2022,16,,mclaren,5,107.0,0
2022,16,,alfa,6,52.0,0
2022,16,,haas,7,34.0,0
2022,16,,alphatauri,8,33.0,0
2022,16,,aston_martin,9,25.0,0
2022,16,,williams,10,6.0,0
2022,17,,red_bull,1,576.0,13
2022,17,,ferrari,2,439.0,4
2022,17,,mercedes,3,373.0,0
2022,17,,mclaren,4,129.0,0
2022,17,,alpine,5,125.0,0
2022,17,,alfa,6,52.0,0
2022,17,,aston_martin,7,37.0,0
2022,17,,haas,8,34.0,0
2022,17,,alphatauri,9,34.0,0
2022,17,,williams,10,6.0,0
2022,18,,red_bull,1,619.0,14
2022,18,,ferrari,2,454.0,4
2022,18,,mercedes,3,387.0,0
2022,18,,alpine,4,143.0,0
2022,18,,mclaren,5,130.0,0
2022,18,,alfa,6,52.0,0
2022,18,,aston_martin,7,45.0,0
2022,18,,haas,8,34.0,0
2022,18,,alphatauri,9,34.0,0
2022,18,,williams,10,8.0,0
2022,19,,red_bull,1,656.0,15
2022,19,,ferrari,2,469.0,4
2022,19,,mercedes,3,416.0,0
2022,19,,alpine,4,149.0,0
2022,19,,mclaren,5,138.0,0
2022,19,,alfa,6,52.0,0
2022,19,,aston_martin,7,49.0,0
2022,19,,haas,8,36.0,0
2022,19,,alphatauri,9,35.0,0
2022,19,,williams,10,8.0,0
2022,20,,red_bull,1,696.0,16
2022,20,,ferrari,2,487.0,4
2022,20,,mercedes,3,447.0,0
2022,20,,alpine,4,153.0,0
2022,20,,mclaren,5,146.0,0
2022,20,,alfa,6,53.0,0
2022,20,,aston_martin,7,49.0,0
2022,20,,haas,8,36.0,0
2022,20,,alphatauri,9,35.0,0
2022,20,,williams,10,8.0,0
2022,21,,red_bull,1,719.0,16
2022,21,,ferrari,2,524.0,4
2022,21,,mercedes,3,505.0,1
2022,21,,alpine,4,167.0,0
2022,21,,mclaren,5,148.0,0
2022,21,,alfa,6,55.0,0
2022,21,,aston_martin,7,50.0,0
2022,21,,haas,8,37.0,0
2022,21,,alphatauri,9,35.0,0
2022,21,,williams,10,8.0,0
2022,22,,red_bull,1,759.0,17
2022,22,,ferrari,2,554.0,4
2022,22,,mercedes,3,515.0,1
2022,22,,alpine,4,173.0,0
2022,22,,mclaren,5,159.0,0
2022,22,,alfa,6,55.0,0
2022,22,,aston_martin,7,55.0,0
2022,22,,haas,8,37.0,0
2022,22,,alphatauri,9,35.0,0
2022,22,,williams,10,8.0,0
2023,1,,red_bull,1,43.0,1
2023,1,,aston_martin,2,23.0,0
2023,1,,mercedes,3,16.0,0
2023,1,,ferrari,4,12.0,0
2023,1,,alfa,5,4.0,0
2023,1,,alpine,6,2.0,0
2023,1,,williams,7,1.0,0
2023,1,,alphatauri,8,0.0,0
2023,1,,haas,9,0.0,0
2023,1,,mclaren,10,0.0,0
2023,2,,red_bull,1,87.0,2
2023,2,,aston_martin,2,38.0,0
2023,2,,mercedes,3,38.0,0
2023,2,,ferrari,4,26.0,0
2023,2,,alpine,5,8.0,0
2023,2,,alfa,6,4.0,0
2023,2,,haas,7,1.0,0
2023,2,,williams,8,1.0,0
2023,2,,alphatauri,9,0.0,0
2023,2,,mclaren,10,0.0,0
2023,3,,red_bull,1,123.0,3
2023,3,,aston_martin,2,65.0,0
2023,3,,mercedes,3,56.0,0
2023,3,,ferrari,4,26.0,0
2023,3,,mclaren,5,12.0,0
2023,3,,alpine,6,8.0,0
2023,3,,haas,7,7.0,0
2023,3,,alfa,8,6.0,0
2023,3,,alphatauri,9,1.0,0
2023,3,,williams,10,1.0,0
2023,4,,red_bull,1,180.0,4
2023,4,,aston_martin,2,87.0,0
2023,4,,mercedes,3,76.0,0
2023,4,,ferrari,4,62.0,0
2023,4,,mclaren,5,14.0,0
2023,4,,alpine,6,8.0,0
2023,4,,haas,7,7.0,0
2023,4,,alfa,8,6.0,0
2023,4,,alphatauri,9,2.0,0
2023,4,,williams,10,1.0,0
2024,1,,red_bull,1,44.0,1
2024,1,,ferrari,2,27.0,0
2024,1,,mercedes,3,16.0,0
2024,1,,mclaren,4,12.0,0
2024,1,,aston_martin,5,3.0,0
2024,1,,sauber,6,0.0,0
2024,1,,haas,7,0.0,0
2024,1,,rb,8,0.0,0
2024,1,,williams,9,0.0,0
2024,1,,alpine,10,0.0,0
2024,2,,red_bull,1,87.0,2
2024,2,,ferrari,2,49.0,0
2024,2,,mclaren,3,28.0,0
2024,2,,mercedes,4,26.0,0
2024,2,,aston_martin,5,13.0,0
2024,2,,haas,6,1.0,0
2024,2,,williams,7,0.0,0
2024,2,,sauber,8,0.0,0
2024,2,,rb,9,0.0,0
2024,2,,alpine,10,0.0,0
2024,3,,red_bull,1,97.0,2
2024,3,,ferrari,2,93.0,1
2024,3,,mclaren,3,55.0,0
2024,3,,mercedes,4,26.0,0
2024,3,,aston_martin,5,25.0,0
2024,3,,rb,6,6.0,0
2024,3,,haas,7,4.0,0
2024,3,,williams,8,0.0,0
2024,3,,sauber,9,0.0,0
2024,3,,alpine,10,0.0,0
2024,4,,red_bull,1,141.0,3
2024,4,,ferrari,2,120.0,1
2024,4,,mclaren,3,69.0,0
2024,4,,mercedes,4,34.0,0
2024,4,,aston_martin,5,33.0,0
2024,4,,rb,6,7.0,0
2024,4,,haas,7,4.0,0
2024,4,,williams,8,0.0,0
2024,4,,sauber,9,0.0,0
2024,4,,alpine,10,0.0,0
2024,5,,red_bull,1,195.0,4
2024,5,,ferrari,2,151.0,1
2024,5,,mclaren,3,96.0,0
2024,5,,mercedes,4,52.0,0
2024,5,,aston_martin,5,40.0,0
2024,5,,rb,6,7.0,0
2024,5,,haas,7,5.0,0
2024,5,,williams,8,0.0,0
2024,5,,alpine,9,0.0,0
2024,5,,sauber,10,0.0,0
2024,6,,red_bull,1,239.0,4
2024,6,,ferrari,2,187.0,1
2024,6,,mclaren,3,124.0,1
2024,6,,mercedes,4,64.0,0
2024,6,,aston_martin,5,42.0,0
2024,6,,rb,6,19.0,0
2024,6,,haas,7,7.0,0
2024,6,,alpine,8,1.0,0
2024,6,,williams,9,0.0,0
2024,6,,sauber,10,0.0,0
2024,7,,red_bull,1,268.0,5
2024,7,,ferrari,2,212.0,1
2024,7,,mclaren,3,154.0,1
2024,7,,mercedes,4,79.0,0
2024,7,,aston_martin,5,44.0,0
2024,7,,rb,6,20.0,0
2024,7,,haas,7,7.0,0
2024,7,,alpine,8,1.0,0
2024,7,,williams,9,0.0,0
2024,7,,sauber,10,0.0,0
2024,9,,red_bull,1,301.0,6
2024,9,,ferrari,2,252.0,2
2024,9,,mclaren,3,212.0,1
2024,9,,mercedes,4,124.0,0
2024,9,,aston_martin,5,58.0,0
2024,9,,rb,6,28.0,0
2024,9,,haas,7,7.0,0
2024,9,,alpine,8,5.0,0
2024,9,,williams,9,2.0,0
2024,9,,sauber,10,0.0,0
2024,11,,red_bull,1,355.0,7
2024,11,,ferrari,2,291.0,2
2024,11,,mclaren,3,268.0,1
2024,11,,mercedes,4,196.0,1
2024,11,,aston_martin,5,58.0,0
2024,11,,rb,6,30.0,0
2024,11,,haas,7,19.0,0
2024,11,,alpine,8,9.0,0
2024,11,,williams,9,2.0,0
2024,11,,sauber,10,0.0,0
2024,13,,red_bull,1,389.0,7
2024,13,,mclaren,2,338.0,2
2024,13,,ferrari,3,322.0,2
2024,13,,mercedes,4,241.0,2
2024,13,,aston_martin,5,69.0,0
2024,13,,rb,6,33.0,0
2024,13,,haas,7,27.0,0
2024,13,,alpine,8,9.0,0
2024,13,,williams,9,4.0,0
2024,13,,sauber,10,0.0,0
2024,15,,red_bull,1,434.0,7
2024,15,,mclaren,2,404.0,3
2024,15,,ferrari,3,370.0,2
2024,15,,mercedes,4,276.0,3
2024,15,,aston_martin,5,74.0,0
2024,15,,rb,6,34.0,0
2024,15,,haas,7,27.0,0
2024,15,,alpine,8,13.0,0
2024,15,,williams,9,4.0,0
2024,15,,sauber,10,0.0,0
2024,17,,mclaren,1,476.0,4
2024,17,,red_bull,2,456.0,7
2024,17,,ferrari,3,425.0,3
2024,17,,mercedes,4,309.0,3
2024,17,,aston_martin,5,82.0,0
2024,17,,rb,6,34.0,0
2024,17,,haas,7,29.0,0
2024,17,,williams,8,16.0,0
2024,17,,alpine,9,13.0,0
2024,17,,sauber,10,0.0,0
2024,19,,mclaren,1,544.0,5
2024,19,,red_bull,2,504.0,7
2024,19,,ferrari,3,496.0,4
2024,19,,mercedes,4,344.0,3
2024,19,,aston_martin,5,86.0,0
2024,19,,haas,6,38.0,0
2024,19,,rb,7,36.0,0
2024,19,,williams,8,17.0,0
2024,19,,alpine,9,13.0,0
2024,19,,sauber,10,0.0,0
2024,21,,mclaren,1,593.0,5
2024,21,,ferrari,2,557.0,5
2024,21,,red_bull,3,544.0,8
2024,21,,mercedes,4,382.0,3
2024,21,,aston_martin,5,86.0,0
2024,21,,alpine,6,49.0,0
2024,21,,haas,7,46.0,0
2024,21,,rb,8,44.0,0
2024,21,,williams,9,17.0,0
2024,21,,sauber,10,0.0,0
2024,22,,mclaren,1,608.0,5
2024,22,,ferrari,2,584.0,5
2024,22,,red_bull,3,555.0,8
2024,22,,mercedes,4,425.0,4
2024,22,,aston_martin,5,86.0,0
2024,22,,haas,6,50.0,0
2024,22,,alpine,7,49.0,0
2024,22,,rb,8,46.0,0
2024,22,,williams,9,17.0,0
2024,22,,sauber,10,0.0,0
2024,24,,mclaren,1,666.0,6
2024,24,,ferrari,2,652.0,5
2024,24,,red_bull,3,589.0,9
2024,24,,mercedes,4,468.0,4
2024,24,,aston_martin,5,94.0,0
2024,24,,alpine,6,65.0,0
2024,24,,haas,7,58.0,0
2024,24,,rb,8,46.0,0
2024,24,,williams,9,17.0,0
2024,24,,sauber,10,4.0,0
2024,8,,red_bull,1,276.0,5
2024,8,,ferrari,2,252.0,2
2024,8,,mclaren,3,184.0,1
2024,8,,mercedes,4,96.0,0
2024,8,,aston_martin,5,44.0,0
2024,8,,rb,6,24.0,0
2024,8,,haas,7,7.0,0
2024,8,,williams,8,2.0,0
2024,8,,alpine,9,2.0,0
2024,8,,sauber,10,0.0,0
2024,10,,red_bull,1,330.0,7
2024,10,,ferrari,2,270.0,2
2024,10,,mclaren,3,237.0,1
2024,10,,mercedes,4,151.0,0
2024,10,,aston_martin,5,58.0,0
2024,10,,rb,6,28.0,0
2024,10,,alpine,7,8.0,0
2024,10,,haas,8,7.0,0
2024,10,,williams,9,2.0,0
2024,10,,sauber,10,0.0,0
2024,12,,red_bull,1,373.0,7
2024,12,,ferrari,2,302.0,2
2024,12,,mclaren,3,295.0,1
2024,12,,mercedes,4,221.0,2
2024,12,,aston_martin,5,68.0,0
2024,12,,rb,6,31.0,0
2024,12,,haas,7,27.0,0
2024,12,,alpine,8,9.0,0
2024,12,,williams,9,4.0,0
2024,12,,sauber,10,0.0,0
2024,14,,red_bull,1,408.0,7
2024,14,,mclaren,2,366.0,2
2024,14,,ferrari,3,345.0,2
2024,14,,mercedes,4,266.0,3
2024,14,,aston_martin,5,73.0,0
2024,14,,rb,6,34.0,0
2024,14,,haas,7,27.0,0
2024,14,,alpine,8,11.0,0
2024,14,,williams,9,4.0,0
2024,14,,sauber,10,0.0,0
2024,16,,red_bull,1,446.0,7
2024,16,,mclaren,2,438.0,3
2024,16,,ferrari,3,407.0,3
2024,16,,mercedes,4,292.0,3
2024,16,,aston_martin,5,74.0,0
2024,16,,rb,6,34.0,0
2024,16,,haas,7,28.0,0
2024,16,,alpine,8,13.0,0
2024,16,,williams,9,6.0,0
2024,16,,sauber,10,0.0,0
2024,18,,mclaren,1,516.0,5
2024,18,,red_bull,2,475.0,7
2024,18,,ferrari,3,441.0,3
2024,18,,mercedes,4,329.0,3
2024,18,,aston_martin,5,86.0,0
2024,18,,rb,6,34.0,0
2024,18,,haas,7,31.0,0
2024,18,,williams,8,16.0,0
2024,18,,alpine,9,13.0,0
2024,18,,sauber,10,0.0,0
2024,20,,mclaren,1,566.0,5
2024,20,,ferrari,2,537.0,5
2024,20,,red_bull,3,512.0,7
2024,20,,mercedes,4,366.0,3
2024,20,,aston_martin,5,86.0,0
2024,20,,haas,6,46.0,0
2024,20,,rb,7,36.0,0
2024,20,,williams,8,17.0,0
2024,20,,alpine,9,14.0,0
2024,20,,sauber,10,0.0,0
2024,23,,mclaren,1,640.0,5
2024,23,,ferrari,2,619.0,5
2024,23,,red_bull,3,581.0,9
2024,23,,mercedes,4,446.0,4
2024,23,,aston_martin,5,92.0,0
2024,23,,alpine,6,59.0,0
2024,23,,haas,7,54.0,0
2024,23,,rb,8,46.0,0
2024,23,,williams,9,17.0,0
2024,23,,sauber,10,4.0,0
